_id,policy_id,policyholder_id,policy_type,start_date,end_date,coverage,payments,premium,createdAt,updatedAt,__v
66911b3fb03087dadeac7ce7,POL12938,PH737940,Life Insurance,1720742400000,2036275200000,10000000,"[{'payment_id': 'ecc80cbd-2b45-4293-acfd-1b10b89533f0', 'date': 1720785727184, 'amount': 500, '_id': '66911b3fb03087dadeac7ce8'}]",500,1720785727224,1720785727224,0
66911b44b03087dadeac7cec,POL64285,PH737940,Home Insurance,1720742400000,1878508800000,5000000,"[{'payment_id': 'a9b31a4c-8a0c-469d-8883-ce9670a27e91', 'date': 1720785732957, 'amount': 300, '_id': '66911b44b03087dadeac7ced'}]",300,1720785733031,1720785733031,0
66911b4ab03087dadeac7cf1,POL52947,PH737940,Health Insurance,1720742400000,1815350400000,5000000,"[{'payment_id': '100df3fb-2381-44f1-a93f-0d719fc658a0', 'date': 1720785738577, 'amount': 200, '_id': '66911b4ab03087dadeac7cf2'}]",200,1720785738611,1720785738611,0
66911b50b03087dadeac7cf6,POL46709,PH737940,Motor Insurance,1720742400000,1783814400000,100000,"[{'payment_id': 'e0e6f646-fdc0-40f0-b413-aabf990bde1f', 'date': 1720785744050, 'amount': 150, '_id': '66911b50b03087dadeac7cf7'}]",150,1720785744084,1720785744084,0
6699faadf0bd318e64107ea9,POL61796,PH345033,Life Insurance,1721347200000,2036880000000,10000000,"[{'payment_id': 'd3a3f241-8c36-4dda-be12-0755d7e8e53d', 'date': 1721367213586, 'amount': 500, '_id': '6699faadf0bd318e64107eaa'}]",500,1721367213648,1721367213648,0
6699fab7f0bd318e64107eae,POL43564,PH345033,Home Insurance,1721347200000,1879113600000,5000000,"[{'payment_id': 'b3387bf7-8537-4ae2-97ce-5992d7895b9c', 'date': 1721367223070, 'amount': 300, '_id': '6699fab7f0bd318e64107eaf'}]",300,1721367223130,1721367223130,0
6699fabbf0bd318e64107eb3,POL93068,PH345033,Health Insurance,1721347200000,1879113600000,5000000,"[{'payment_id': 'c9d39061-aeb4-403e-8de9-ffdfc95cf644', 'date': 1721367227379, 'amount': 200, '_id': '6699fabbf0bd318e64107eb4'}]",200,1721367227439,1721367227439,0
6699fac2f0bd318e64107eb8,POL99339,PH345033,Motor Insurance,1721347200000,1879113600000,100000,"[{'payment_id': 'a0e89159-4bdb-4cb8-b045-e22af0c5b832', 'date': 1721367234221, 'amount': 150, '_id': '6699fac2f0bd318e64107eb9'}]",150,1721367234282,1721367234282,0
